url,source
https://partyondelivery.com,legacy
https://partyondelivery.com/about,legacy
https://partyondelivery.com/contact,legacy
https://partyondelivery.com/order,legacy
https://partyondelivery.com/products,legacy
https://partyondelivery.com/collections,legacy
https://partyondelivery.com/blog,legacy
https://partyondelivery.com/blogs/news,legacy
https://partyondelivery.com/weddings,legacy
https://partyondelivery.com/boat-parties,legacy
https://partyondelivery.com/bach-parties,legacy
https://partyondelivery.com/corporate,legacy
https://partyondelivery.com/delivery-areas,legacy
https://partyondelivery.com/terms,legacy
https://partyondelivery.com/privacy,legacy
https://partyondelivery.com/faqs,legacy
https://partyondelivery.com/account,legacy
https://partyondelivery.com/account/orders,legacy
https://partyondelivery.com/delivery/downtown-austin,legacy
https://partyondelivery.com/delivery/lake-travis,legacy
https://partyondelivery.com/delivery/west-austin,legacy
https://partyondelivery.com/delivery/south-austin,legacy
https://partyondelivery.com/delivery/east-austin,legacy
https://partyondelivery.com/delivery/north-austin,legacy
https://partyondelivery.com/blogs/news/corporate-team-building-on-austin-party-houses-alcohol-coordination-for-professional-events,legacy
https://partyondelivery.com/blogs/news/bachelorette-party-alcohol-emergency-kit-last-minute-delivery-solutions,legacy
https://partyondelivery.com/blogs/news/budget-friendly-bachelorette-party-alcohol-maximum-fun-without-breaking-the-bank,legacy
https://partyondelivery.com/blogs/news/instagram-worthy-bachelorette-party-cocktails-recipes-and-delivery-coordination,legacy
https://partyondelivery.com/blogs/news/why-choose-integrated-event-services-comparing-austin-party-planning-options,legacy
https://partyondelivery.com/blogs/news/integrated-austin-event-services-combining-alcohol-delivery-and-alcohol-delivery-for-perfect-celebrations,legacy
https://partyondelivery.com/blogs/news/holiday-celebrations-on-austin-party-houses-seasonal-boat-party-planning-and-coordination,legacy
https://partyondelivery.com/blogs/news/austin-party-houses-boat-party-music-sound-systems-and-entertainment-coordination,legacy
https://partyondelivery.com/blogs/news/cocktail-kits-vs-individual-bottles-the-smart-bachelorette-party-alcohol-strategy,legacy
https://partyondelivery.com/blogs/news/austin-party-houses-party-alcohol-delivery-ultimate-guide-for-large-group-events-20-guests,legacy
https://partyondelivery.com/blogs/news/austin-party-houses-boat-party-photography-capturing-perfect-memories-at-your-airbnb-hotel-or-home,legacy
https://partyondelivery.com/blogs/news/first-time-austin-party-houses-boat-rental-essential-tips-for-austin-party-planning,legacy
https://partyondelivery.com/blogs/news/austin-party-houses-boat-party-entertainment-activities-and-amenities-for-unforgettable-events,legacy
https://partyondelivery.com/blogs/news/austin-party-houses-sunset-cruises-romantic-and-celebration-options-for-every-occasion,legacy
https://partyondelivery.com/blogs/news/austin-party-houses-boat-party-catering-food-and-beverage-coordination-for-perfect-events,legacy
https://partyondelivery.com/blogs/news/austin-party-houses-bachelorette-party-alcohol-laws-what-you-can-and-cant-bring-on-boats,legacy
https://partyondelivery.com/blogs/news/austin-party-houses-boat-safety-and-maintenance-quality-standards-for-party-cruises,legacy
https://partyondelivery.com/blogs/news/austin-party-houses-boat-party-regulations-legal-requirements-and-compliance-guide,legacy
https://partyondelivery.com/blogs/news/austin-party-houses-boat-party-costs-complete-pricing-guide-and-budget-planning,legacy
https://partyondelivery.com/blogs/news/austin-party-houses-boat-party-reviews-real-customer-experiences-and-testimonials,legacy
https://partyondelivery.com/blogs/news/accessible-austin-party-houses-boat-parties-inclusive-event-planning-for-all-guests,legacy
https://partyondelivery.com/blogs/news/austin-party-houses-boat-party-insurance-understanding-coverage-and-liability-for-events,legacy
https://partyondelivery.com/blogs/news/creative-austin-party-houses-boat-party-themes-unique-ideas-for-memorable-celebrations,legacy
https://partyondelivery.com/blogs/news/austin-party-houses-boat-party-logistics-complete-planning-and-coordination-guide,legacy
https://partyondelivery.com/blogs/news/austin-party-houses-boat-party-packages-comprehensive-guide-to-options-and-pricing,legacy
https://partyondelivery.com/blogs/news/austin-party-houses-weather-planning-seasonal-considerations-for-perfect-boat-parties,legacy
https://partyondelivery.com/blogs/news/austin-party-houses-boat-safety-essential-guidelines-for-safe-party-cruises,legacy
https://partyondelivery.com/blogs/news/birthday-party-alcohol-delivery-on-austin-party-houses-milestone-celebrations-with-a-view,legacy
https://partyondelivery.com/blogs/news/austin-bachelorette-weekend-alcohol-timeline-day-by-day-drinking-strategy-for-multi-day-celebrations,legacy
https://partyondelivery.com/blogs/news/austin-party-houses-wedding-alcohol-delivery-unique-venues-for-austin-celebrations,legacy
https://partyondelivery.com/blogs/news/corporate-team-building-on-austin-party-houses-professional-boat-rental-solutions,legacy
https://partyondelivery.com/blogs/news/austin-bachelorette-party-supply-deliverys-austin-party-houses-adventures-for-unforgettable-celebrations,legacy
https://partyondelivery.com/blogs/news/austin-party-houses-bachelor-party-alcohol-delivery-the-ultimate-guide-to-epic-celebrations,legacy
https://partyondelivery.com/blogs/news/party-alcohol-safety-in-austin-responsible-service-and-guest-well-being,legacy
https://partyondelivery.com/blogs/news/austin-party-venue-alcohol-delivery-navigating-policies-and-logistics,legacy
https://partyondelivery.com/blogs/news/holiday-party-alcohol-themes-new-year-s-fourth-of-july-and-austin-celebrations,legacy
https://partyondelivery.com/blogs/news/graduation-party-alcohol-planning-ut-and-austin-college-celebrations,legacy
https://partyondelivery.com/blogs/news/pool-party-alcohol-coordination-summer-event-planning-in-austin-heat,legacy
https://partyondelivery.com/blogs/news/birthday-party-alcohol-delivery-austin-milestone-celebrations-made-easy,legacy
https://partyondelivery.com/blogs/news/austin-party-houses-bachelor-party-alcohol-delivery-complete-coordination-guide-for-boat-parties,legacy
https://partyondelivery.com/blogs/news/wedding-anniversary-celebration-ideas-recreating-your-special-day-with-boat-and-alcohol-packages,legacy
https://partyondelivery.com/blogs/news/outdoor-wedding-alcohol-logistics-hill-country-and-austin-party-houses-coordination,legacy
https://partyondelivery.com/blogs/news/austin-wedding-venue-alcohol-policies-delivery-solutions-for-every-location,legacy
https://partyondelivery.com/blogs/news/wedding-party-alcohol-coordination-getting-ready-bachelor-bachelorette-and-reception,legacy
https://partyondelivery.com/blogs/news/rehearsal-dinner-boat-alcohol-delivery-unique-wedding-weekend-experiences,legacy
https://partyondelivery.com/blogs/news/conference-after-party-alcohol-coordination-sxsw-acl-and-austin-event-integration,legacy
https://partyondelivery.com/blogs/news/startup-celebration-alcohol-packages-funding-rounds-launches-and-milestone-events,legacy
https://partyondelivery.com/blogs/news/holiday-office-party-alcohol-delivery-stress-free-corporate-celebration-planning,legacy
https://partyondelivery.com/blogs/news/executive-retreat-alcohol-planning-balancing-professionalism-and-team-bonding,legacy
https://partyondelivery.com/blogs/news/client-entertainment-alcohol-strategy-impressing-without-overdoing-it,legacy
https://partyondelivery.com/blogs/news/the-ultimate-austin-bachelorette-party-alcohol-guide-what-to-order-when-to-order-and-how-much-you-actually-need,legacy
https://partyondelivery.com/blogs/news/austin-bachelorette-parties-best-ways-to-spend-a-weekend-in-austin,legacy
https://partyondelivery.com/blogs/news/party-on-delivery-well-bring-the-party-to-you-drinks-and-all,legacy
https://partyondelivery.com/blogs/news/tips-for-ordering-liquor,legacy
https://partyondelivery.com/blogs/news/the-future-of-liquor-delivery-in-austin-texas,legacy
https://partyondelivery.com/blogs/news/texas-liquor-delivery-history-where-it-all-started,legacy
https://partyondelivery.com/blogs/news/trending-party-supplies-for-2023,legacy
https://partyondelivery.com/blogs/news/planning-a-party-cruise-with-partyon-deliver-items,legacy
https://partyondelivery.com/blogs/news/partyondeliver-x-premier-party-cruises-stress-free-party,legacy
https://partyondelivery.com/blogs/news/paryon-delivery-alcohol-delivery-service-for-any-occasion,legacy
https://partyondelivery.com/blogs/news/custom-liquor-boxes-for-delivery-in-austin,legacy
https://partyondelivery.com/blogs/news/partyon-delivery-alcohol-delivery-services-in-austin-texas,legacy
https://partyondelivery.com/blog/category/event-planning,legacy
https://partyondelivery.com/blog/category/cocktail-recipes,legacy
https://partyondelivery.com/blog/category/local-guides,legacy
https://partyondelivery.com/blog/category/business-tips,legacy
